x,y,z
-2.50919762305275,-6.297341423227607,65.7092630117811
9.014286128198322,0.8380189475671624,314.1681115917048
4.639878836228101,7.458916717528165,242.0139494150723
1.973169683940732,4.644497728191224,82.37966078511613
-6.87962719115127,6.131222957228996,86.21418239173926
-6.880109593275947,3.1756673342143475,90.52116251796014
-8.83832775663601,3.8455312903570498,155.50504670902384
7.323522915498703,6.983913031306386,376.54005283101236
2.0223002348641756,-5.006639822816281,19.17726096195357
4.161451555920909,-0.21150072713719048,77.41022525255525
-9.588310114083951,-5.5758111636079555,356.152971750994
9.398197043239886,9.753360159932939,626.6854243295251
6.648852816008436,8.881186793732265,396.4844422792407
-5.753217786434477,-9.211463772629882,240.74024371043083
-6.363500655857988,4.111503450313769,73.57677967964042
-6.331909802931324,8.504966348313317,85.76368828462644
-3.9151551408092455,-6.388493097453329,105.08079157465535
0.49512863264475726,1.3589046110525889,17.48010099084579
-1.3610996271576852,8.309765951760838,77.11294780026554
-4.175417196039161,-9.321080428284024,175.18333838027257
2.23705789444759,3.9484053449367984,78.29931703904452
-7.210122786959163,-4.053019852548985,189.6204498315193
-4.157107029295637,8.487923907530607,64.99728911495691
-2.672763134126166,9.421164903307357,81.72793101986693
-0.8786003156592805,8.885329782268677,94.91458154933397
5.703519227860273,-0.5157156668507241,125.94401809151623
-6.006524356832806,7.240853019786268,72.37017422183476
0.28468876827223255,6.890987970701406,80.74883980527346
1.8482913772408498,-3.6179905351348873,15.35168242061621
-9.070991745600045,6.578309483013548,152.15921708074208
2.1508970380287664,-9.259847305690148,49.76483331755804
-6.58951752625417,1.92539756964106,88.42610250495075
-8.69896814029441,-5.3998232542459395,297.4257017342695
8.977710745066666,-7.588662284454424,192.25060294207026
9.312640661491187,-8.460935967415818,202.35634847123652
6.167946962329221,3.925775517562794,227.58743432562446
-3.9077246165325867,-3.2025007246386767,58.949802502964545
-8.046557719872322,4.4953354305752296,122.35857971883829
3.6846605302431374,-8.692873184021153,51.580323530877735
-1.196950125207973,-3.6941932433877938,16.721332300425864
-7.5592353031044235,0.7898258475067443,131.68228213993382
-0.09646179777459629,5.814463296779271,56.67523180094435
-9.312229577695632,-3.6249499413586017,290.3698556111011
8.186408041575643,2.517827528740181,304.100735185262
-4.824400367999662,7.719554964723741,60.96826101461602
3.2504456870796403,2.317263763646091,82.33420258334638
-3.7657784782117805,-5.340810504927324,83.4408140959157
0.40136042355621626,-9.51198436886924,63.79649806327885
0.934205586865593,7.401977478018598,105.11438861670752
-6.302910889489459,-9.574611782992257,278.3107077804365
9.391692555291172,7.49403345368399,537.9760840939114
5.502656467222291,0.5787426805442397,133.79138236472625
8.789978831283783,8.781353970257925,540.5731481985622
7.896547008552975,5.975664715473307,381.558896621971
1.9579995762217024,9.958682210666751,196.3408740040365
8.437484700462335,-2.985763690965797,212.33369053587217
-8.23014995896161,5.343765778622538,125.68249787156279
-6.080342751617096,-1.9613817278151569,109.32460961585407
-9.09545422178924,-0.40248759392182265,215.98073984524854
-3.4933933847347127,2.5501092643674017,22.480740482182277
-2.2264542062103594,7.4735422837267755,55.73448577804706
-4.573019364522082,9.681669383985902,81.10322856730288
6.574750183038589,5.365468277290365,284.9936525661763
-2.864933466128214,-1.6446643566533243,24.49349965331779
-4.381309806252385,-1.5728599544585968,54.21875988145396
0.8539216631649698,4.751646031777829,58.40530000738951
-7.181515500504747,-5.224457084633953,212.47553679476732
6.043939615080795,-7.790517737372107,89.95709214204028
-8.508987126404584,-2.9075568471844697,230.8755939619541
9.737738732010346,-4.255220166918365,262.62815420166373
5.4448953859331475,-4.073837590880198,83.17653516191277
-6.025686369316552,-5.327844979001801,162.40849973639396
-9.889557657527952,-9.158136207272761,488.49914598084825
6.309228569096682,-9.642521305331723,100.34214966913706
4.137146876952343,9.75444779472063,284.15744885392957
4.580143360819747,-1.4445373252827522,77.35455644966892
5.425406933718914,-2.313467056806367,95.74088408858452
-8.519106965318192,3.5929456538613973,144.60073437455284
-2.8306854291145473,-5.634922242698717,63.633879376597534
-7.682618809497406,8.999223679004508,115.36328891602301
7.262068517511871,5.726900288311041,334.6796323972073
2.4659625365511584,-8.21177995375481,39.87083307667986
-3.3820395029470163,-1.6483844843014328,33.326196922833404
-8.728832994279527,7.582366151243292,139.80237058855948
-3.780353565686756,8.894640445828205,69.52022996463893
-3.496333559465059,-0.6519697750026054,29.21954015050565
4.5921235667612805,2.2682277842141545,126.00491955008803
2.751149427104263,-6.659321078158495,31.18923589566202
7.744254851526531,9.823372522739533,503.759889797698
-0.5557014967610137,-5.3665659723311325,23.812654881673488
-7.608115081233966,8.854635482702513,112.84397433181445
4.264895744459899,2.992932979847369,126.35802687544559
5.215700972337949,2.154735897577183,148.2731254735197
1.2255439513899251,0.25377022033017127,19.081316790168916
5.419343599091221,-5.386603765644827,76.6765486852377
-0.12408807271218514,-6.469439359889835,30.476641260823804
0.4546565876398816,-5.590275818596493,19.290465593149985
-1.4491796328290079,-6.271234757114909,44.74543913337618
-9.491617465118097,5.591689471335066,171.70802365337704
-7.842171460133911,-2.997494816665398,199.29432966199212
-9.371416286265315,-8.843146468732073,441.03066193917283
2.7282082252756084,9.382052602816227,210.33185650016526
-3.712880378473466,7.675717699268514,54.737792246230825
0.1714138232940563,8.55504566390426,109.73206668752911
8.151329478521859,9.898156452928706,536.1234036758661
-5.014155417022501,-6.522095015610255,145.73152100458836
-1.7923415392874062,-2.075159621946825,13.195355056780919
5.1110227708609735,5.164769514081826,205.88643700835908
-5.424036690167551,3.9204123610758437,52.742287787993774
-8.46040180342414,-6.922081873202899,323.70934677573274
-4.204970941724639,6.316662499812356,44.74793526881
-6.775574254919912,-5.511188563266787,199.3699165538423
8.59395304685146,-5.523647703547539,190.53765496771032
6.162407591288339,0.739488457868271,163.6172070457464
2.6680751302084698,1.8587986968340626,60.64660818838113
7.429211803754356,1.601724156756223,240.89541186196968
6.073441537982291,-8.170263252044903,91.02646346491858
-6.268598822279284,7.549217252607608,78.53530359988544
7.851179969799556,-4.687999148225879,165.47966915065524
0.786844838313014,-7.4097015743439165,33.805600413682896
6.148803103281249,7.774961597379544,330.5556829537547
7.921825998469863,9.113029964595068,489.64519186856955
-3.6399305005627225,7.2425523453090115,50.00507678721016
-7.798961509446465,6.19032149449756,110.81148088561014
-5.441296749161166,3.1048396127804345,53.78248766754368
-1.4578442274748742,1.017147412182787,7.2070543653462025
6.360295318449861,-8.260264801771797,98.53727930027897
7.214611665126867,-1.8309357385860263,170.66546054906098
-9.860957389376185,-2.5462296597537204,298.4717758161404
0.21494605155131552,-4.804924324793475,14.820261442366235
-1.6517799370244202,4.468402273771698,25.536422444769485
-5.557843790585395,-0.08248529842458296,72.55589258522866
-7.6026926533263435,-8.379075681847041,314.86809996886257
-3.247696571927441,-5.596335961003773,73.28448674751569
8.858194078250385,3.6651752731919185,376.0564807793724
-3.5359413595848954,-8.477382810193996,133.2138649765334
0.3758124348673224,7.024138280975375,84.9932175865654
4.060379177903556,-0.0970694597205135,75.6918695693059
-2.7274079524141204,-0.38826845346704,16.783102621476395
9.435641654419214,1.8481556931903516,365.10942479480974
9.248945898842223,6.493619318502983,491.63994755150793
-4.964354083492717,-3.043815841956139,86.46719054411315
-0.0550298821522901,3.560323051181271,29.69895651948299
-3.982433803664607,1.3146392799158217,29.868434443509535
-4.303190112450648,-4.6594345966115736,88.86927761119074
-9.262261052909345,7.57259972710316,157.84040893717054
2.191286679597937,5.948520432138562,111.66192913504814
0.0535804645772302,3.1690366931685094,27.166015480157533
-8.970424975000213,7.011634581884838,147.9566871390297
-4.427070715267771,7.345884019196049,54.61967982040099
8.165317719333075,4.167259534300696,345.765655831722
-5.208762186660552,6.740266567273441,57.78490147072367
-7.102102558175538,3.949429233385672,94.15684549580794
-0.21094479444873926,3.6028154352060078,28.347504189615492
9.713009082212015,2.372227564303685,397.4197637685233
-5.158894569769991,5.054332791152824,49.607845054160705
3.442710948117572,-6.827897894138526,38.893869062260144
5.232392306574351,7.617415183978569,275.88761812887424
-5.247249120152007,7.43687055490464,62.936054749354085
4.5643269722371915,-9.415054339308817,66.77218925190098
-2.644337345614936,6.516335011295254,42.30472422367261
2.646116611871589,-7.422602650531096,34.78146023251939
2.6705942152178945,-3.297622914817162,25.117414246469696
0.71549368149517,4.870165125832155,57.41141051336466
-8.194204598911835,-6.784802079033836,304.33518984393606
6.70604991178476,6.359340482381242,320.2549079967295
-3.5843987005652833,6.64268355915484,44.05499154014443
-6.269629792002915,0.14935467521672408,92.17419802832883
-9.184497168904722,-9.872282565663328,463.33149680156754
1.8178588637648367,-4.259237336501744,15.88113285359891
3.551287236845649,2.3385383675148432,91.68537901371883
-9.668243421442877,9.62372356054847,174.48179730499203
0.24186116598562002,2.636270540333367,24.518753217070692
-5.470084496041241,-4.803928378716805,130.636781721999
2.9034558081889976,2.680114061992228,77.59398498233011
-6.512671419900171,0.799707594317109,94.30349940304014
3.81875476204932,5.596907903022872,160.70497680709832
-2.265293073989252,-7.860387223460831,84.88487986796741
8.73459977473469,5.220558050040561,413.66756938777166
-7.249581117080135,0.825331573522206,119.61192407931993
-3.17867297899483,9.259840077179891,76.07467242739777
-7.730529575188219,-3.1625566792262783,197.0411852582136
8.493872365571256,2.652437862678962,325.9586426455187
7.5467870676196185,8.64056211020035,446.5938851613494
-4.841167445696888,-7.949805440186415,169.4275382929088
3.19968092068358,8.744569744729024,212.37315378418742
6.344444004024318,3.7577144460162675,232.55290814829706
1.104016231989247,-8.643258817896562,45.86818715640645
0.5930115671201293,-3.980728661063675,10.202824398483468
-5.162954181990966,4.163441772905632,47.98677123535366
-8.137944643882015,-8.652987970624565,354.7390169873929
7.944315159066534,1.643409203525465,269.8005485520979
8.008361143266608,-3.0823388609408653,190.32818106144506
2.6620291454653593,2.4183103553495418,67.54772457952969
-3.219404179025986,-9.085159323749743,135.7789106633213
-3.015808507746782,7.430736123047524,51.8949535895495
4.519113577404788,9.469779383547937,294.53880736162904
7.942205199051543,9.37755710571383,500.9751104536535
7.741728485302346,4.993036634858495,342.7307148770359
5.597510917152476,-7.398275197387361,78.69973792185249
2.8406329230857548,5.165263918580452,116.93173141800851
-8.317200700099024,-9.50826167082397,392.98797519567995
-6.767425718107725,-9.557528969420055,302.5905317512482
7.971083770541586,-3.5277956170091755,183.09119457098484
2.128581193191799,-0.2271361919066841,29.638706275170737
-9.816058967667407,5.4081483561558645,186.28385350265407
-7.9705691426793575,3.6659075321301042,123.73493338079474
3.2700353821611152,-1.0819458724650328,46.278337797023696
-9.898768323075625,-4.527466674366682,348.0112431908019
-6.783838971650027,9.942490003154223,104.92629387659044
0.9746757873317229,-1.4763739552805415,9.595943903361619
3.837903953853864,-0.97225951340649,60.94367280613105
3.0392251900520115,-6.727523576166616,34.090879718469175
-5.514613810788804,5.8961909749985875,58.08303596758335
4.243584426950717,3.8736445156297723,141.74427896522656
-5.255018250063999,-5.584607744224792,136.69901083007824
-3.4920060368146455,-8.352379087683147,129.16050385260178
4.929828102360483,3.6099860414942615,164.01393448551306
2.992657980944294,3.090224285622705,86.14742301232403
6.984468209883559,-4.534809460035813,131.88433300976408
3.152257846006867,9.017271245008207,217.7840003175448
1.3661720667094315,-6.978842164381995,28.129251697423154
-8.12650464343815,-1.3533039791479613,184.25449180586702
-2.645683938811329,8.872318403351976,73.15879927917312
-4.695952646365491,-1.6054536614775543,62.51553975407813
-5.1202071324183285,2.7705189532817105,47.6645978946629
9.460211095048912,-2.0481120407441145,282.08711966961135
-2.138045506664792,-4.515695953026599,36.17743719715138
7.8409311035422675,9.679552959196563,505.17107732897955
2.622772519945258,-1.8133198736991396,29.08698794790371
5.896226070832968,7.881984073582689,319.4971211153323
0.0527418621038418,-5.400907882178276,19.66942885029956
1.5380776925271817,-5.737905919498334,19.84659381670404
-0.14964612362272156,-9.377318342309772,68.9276542147281
-6.09514024403911,3.033336507517701,69.30041961234429
4.4490423052301065,-2.629473125524777,64.25557901676417
-4.384552751182884,7.28716499679274,53.812494738638875
-9.513680671370924,-0.5358018661688568,239.8365301505892
2.9094459181433567,9.363868558294435,217.20283460433967
-6.457786411859021,-6.289489685937577,201.74165747873064
8.809171687058285,7.372463359112217,490.2115729042201
9.078571540051747,5.531937055834835,447.2965527139141
8.29728780440897,5.41843689288104,390.55282349092676
-2.5968259948911125,6.895664562337753,46.669887237008815
-9.690867669422651,5.220479818859978,182.01730101644745
8.566371251754507,2.5244064326283073,327.17585804683347
-1.4363170336537134,-7.3751024463522485,59.46023398763083
9.333096380873393,-9.349476410174962,199.83069708854603
9.272399541785056,8.416956956313737,563.4809884196878
7.060189109347203,2.3330062904147617,237.22462475557936
-4.111022158608286,5.930745819523526,41.349527244760566
-2.298045427961495,-0.3695529697489981,12.079220740362583
7.022733430337137,-7.65383622075211,118.18801888864854
-3.661559896874447,-7.496284155948992,117.5148737117066
-6.61014506627815,3.711305744579427,80.87449690985699
1.1360252491670035,-1.3938821020107461,11.146076829851165
8.72309548321562,-5.989505465993266,192.30426501894948
3.9205959334994596,-0.16810906517126156,70.92195511650408
1.4012234017872984,-8.715821258497318,45.28884908226408
-8.05647012458463,1.639428038287976,142.62778436589264
2.3001445339833957,-4.620131911298047,20.603998121349534
9.801077002085265,5.951182012743763,514.1148159205293
-7.19831969526952,-3.7927608215285247,184.06558285641455
0.3665930472747352,-0.8955970183639756,6.694800307330287
7.5474614385591074,-9.767589201837987,134.2918552056367
4.815372355084088,-8.551062244108822,65.75467582627175
3.9403148199053604,-2.150128871866304,54.50811497241601
4.049681679742186,-0.4012233056575294,72.15583040364578
-2.8101769756048967,2.0004109623860735,15.400258273737812
-4.128163114710133,-4.166748425813935,76.74795801743342
6.187223109570272,3.8996377225308514,227.94324977682055
6.202267893583617,7.20244794378409,316.24134402740333
7.341446371602075,5.597019777866997,335.6958671467869
8.264811051129428,-9.207623493032857,158.20428349889872
0.22684797721875682,-0.38986105484342204,7.094149994576666
0.030325893743992083,-7.901396431636503,45.40303090595269
5.965903579335503,-5.159099682749451,93.18716241183192
2.999278615555303,9.733251865342929,231.3048255482625
4.039337545154067,-7.150089141969735,48.05569140433494
5.91585338872202,-0.02223693097287871,141.24191373545062
7.8001068363513255,2.3631146863623815,278.0642832775842
-3.240096862969284,4.049299410882078,24.59867804419516
-2.48834094720112,1.192973669738283,12.19887399576627
-8.12036120318262,-9.804583051616326,390.16860350719463
1.5656028199234804,-3.4707738351201627,12.947593570907177
-9.281154524065158,0.354232867694229,213.6265148408915
-0.6880396373507978,-8.242670017103332,59.53616377922786
0.8528926941515316,-2.987461375816385,8.313314695527048
-4.269174957434312,-9.33593782417267,179.1971151749246
1.816665211380215,-8.428430056899586,41.114015239126346
-9.389995001219011,-2.061534475968079,261.3469611787216
-9.253036225015713,-7.345684919138793,385.4526665018129
6.452011213193167,1.3508169652311626,187.45353193401277
-2.7961871717747417,3.7892993827453143,21.010559552136353
-7.458789746962305,6.011733982181656,101.10231257689837
0.4448652010960874,-5.996995115103799,22.455297336480847
5.399871061972217,-6.650348354818605,73.92921867717962
-5.683579450063137,-7.908643193311995,204.21084028718798
2.4578095163800047,2.728604990872734,66.45541323317612
-8.29305070012464,4.129514529738023,132.8077033603841
-8.966365576627846,-9.36827710348716,431.01388632136764
0.6270926313629595,8.724244924873798,124.54220235873967
0.8127024322021299,-8.960574326970551,51.89057608027067
2.748598029964132,0.8259267060214093,51.10757961670281
4.52182667445323,4.181210389018329,158.7894516150743
9.517041589250692,7.419382474921711,544.8339766755514
0.3260069660239058,4.2817386426485555,42.91913143609777
-3.5408705411750807,6.034561661395838,38.69335606010298
5.903723895374073,-3.210996149143879,103.8443254103783
-4.583354974758516,6.296502274930244,47.9218912723711
-1.2205715858872779,-8.397703072306497,71.19483024664746
-8.430872373154681,7.896333121210553,130.97958765457295
-9.49298513169085,0.9518475230747256,215.57518198109378
9.252968293558503,6.345955399249874,486.8639725227986
6.719602410244118,-0.9536343096339976,161.2896103630892
3.9194841218739604,2.871553903930499,112.0549913523276
-1.8209411117146033,0.5280532187222633,7.782666266104776
-6.534113598583085,4.6317904351066375,77.23291776908032
-6.871259146578279,-8.367400359388208,274.1866512465981
-4.995142036708094,-8.792958320188724,195.66001424152807
0.984533294122409,-5.057935319797071,15.280076188462314
4.291918454001246,-6.809106397736233,51.20963625247519
3.2039475343546258,7.435671331844034,179.0588008910699
-4.401322061081143,-5.615720252839114,107.23063742566495
9.097305613263881,9.517305116382627,593.0641148739832
4.757938333915369,-3.262084164577863,68.51697325045039
1.0870810502280133,-6.357641686226014,23.50478002972336
2.2344149246870444,5.793970142849583,109.99417195595748
-1.6079987514442013,3.1741555100175223,16.106639734548672
-5.045380209976851,-0.03608567093722037,58.397860362649986
-2.8805464269747683,1.1072710187526251,15.65868203070365
5.156922209287382,4.384035565445277,190.1542863472872
-9.712130227404883,-5.4309051733740255,360.10910160023997
-7.678547189861675,9.926678321134837,121.36156649136095
-9.079947159564945,9.495863242935663,155.15172096037173
-9.185423953620598,3.0065137269387385,177.01537941760105
7.109211680220145,-6.009150981417097,126.81052042625755
4.073157187600474,3.6045648486258273,130.30811509923757
-0.5165234182534952,-8.556031820416482,61.59413888940968
-8.04331678697997,-9.386949955883878,371.82665479626155
-0.1676824976633533,-4.846342229775726,16.819239629771833
-0.5305645843886868,-0.7475408652136739,4.301105579133877
-6.535962601799696,7.365450108167611,82.54220110297331
-1.3229670152405397,4.543381395326161,27.886861336066968
-2.0299053120525308,4.854130423999621,27.63014334648693
2.3170019610443298,-1.490133311038493,25.535317811435185
2.7018730173528756,-3.0813001490607412,26.009665191657273
-9.09391980455911,-2.5792247403079465,255.45378514514493
-2.5077477074705756,9.752991274721158,88.7913867642444
2.5171983142847267,-9.19781617175035,49.2957727205369
0.06272517160175362,7.340629922448972,84.15305116826745
7.129796823766444,1.5735081714478678,224.78503196927835
3.1738726323789006,-1.2276916162081903,43.12084383410073
-6.741311458371406,4.50515320830273,82.69986640994057
-8.588625051991404,-0.26662117150594256,189.20135747167782
2.8483855641263123,7.468464761633211,166.3113233935019
-9.469773789167563,8.014037280225171,165.16564291431547
1.715511625469265,-1.5655814625308917,16.789253067752778
8.804604828499151,-4.463444055298968,211.520501207432
1.50948355751758,1.8470065718672437,35.911544712679245
-2.236601475869562,8.24726691233382,66.69166467048353
2.8657643688470635,-5.786756219886668,28.92595741392191
-0.8349421901696665,2.4593316712696556,14.236182171119566
0.9123357863186996,2.631204401850411,33.67668237630983
8.829296175530502,4.66226044830562,403.06830426722075
-2.2779472439845154,-7.368646297454804,76.93917913420509
9.223811276478283,4.316499293641771,419.5659535267975
8.107012839121275,8.180650413312819,468.8123040075912
-6.084177304214071,-6.406337822595161,187.40749508242158
-8.612773982496691,-5.249133501522447,288.7009600255988
-7.984439972451467,9.427901880832792,124.94765140855046
-9.635563486969005,-6.380460945810205,381.88200578192556
-8.111140784881432,7.0877018673915835,120.33603855993431
3.6601354683271374,-0.1544428710393042,63.92041260820912
-8.57622703079542,-5.055378511936459,281.87673915034406
-3.6204873941247744,7.4149980254502275,51.7567259790015
6.89750621938909,-1.0938948999466902,167.03893483728766
-9.534561285283482,0.29634707859380427,227.3765543437002
6.289369651778717,-2.8153326120046867,121.18212501003171
-4.362904504532001,1.859017028698549,35.10185248640252
-7.636703447566875,-6.729522548299545,271.65484357373464
3.9347433072830125,-2.1783692669647863,54.1878682934414
2.5788569355976794,9.38824644670575,204.57159356940434
7.549440270541059,-4.837331345977449,151.57883893040466
4.701420876077716,3.134733290825844,145.52333288838486
6.06961860769697,-3.496198715506102,107.16252691929282
-4.35930854857387,5.469462513732013,40.851428668021484
-6.451209124405544,-7.3825267856330035,227.20482158339
5.012295032817168,9.396420901570895,318.1080357386943
6.136694785345281,-0.924209172327215,137.39889845263298
9.810102840013467,-5.278990733070721,253.22075438981895
-1.7476464617714704,-8.530065053399747,84.41146283071113
-2.559638284144336,-6.604841898249186,71.47847618932907
5.528259214839936,0.3954789711203528,132.0417069762902
-3.183929194939643,-3.2599364713742744,43.09875957345628
8.615146512071295,6.577667317652189,449.0718254268586
7.168255036860238,-1.3822495267638821,174.94014691381926
-1.420119452499634,-5.025714548247402,30.40451357668188
5.017421355829947,2.3428997320806015,143.6391666164091
5.0908574816936465,4.135544337708916,181.82107075250224
-7.937522623281348,-6.659161841981003,286.40662952628793
8.051058133591333,-6.647615674233647,158.921168522918
0.10504744895714246,-9.266571461329141,63.681115023131824
6.529149322154833,4.728040301312809,265.81376747541
-3.599007979387765,3.276090552436102,24.84322429639217
7.9104645699240095,-0.5073824850037223,224.98669917472267
-2.215966425316738,6.883408979383944,48.17642920334763
-9.783246970394032,6.113403059001065,181.3155712264691
8.107639528385274,1.7070872879350425,280.45595942919937
-8.174266464277329,7.365425610265174,122.51643249454595
-3.6137272481917027,-5.8831757992646345,87.5910531026794
9.001239341016099,-7.7616076120454425,192.30268004092682
9.012142938751122,-4.605007769660208,220.1059724803764
1.4687577624657226,-8.858262878213703,46.68828476295971
2.6367442433959845,0.6233905600206402,46.58721224365392
-1.031089560433605,8.732113845899228,89.47296014413129
-4.135784566038709,-9.213129186629807,171.08461593946768
-3.4267090926016808,-7.557801719799464,111.33719757598894
3.450369121540769,-0.956019434331294,51.415661816556
5.0474905887536,8.677500350558098,297.59965276674285
5.83158087451697,-3.67687790046499,97.78468656964253
5.792362855891078,0.14469617376784782,138.74750763102682
-8.175877939026194,-9.168542818992158,373.1338734267809
-0.11159390594837149,-7.033135980758223,36.41469408167153
-8.848824799667113,9.732602459176938,149.33814700105137
0.9905776464747102,9.302373928720911,147.76735029524906
-1.1693899725324606,-9.901200381311808,96.742365591751
7.754083655165996,9.03623570846478,475.0455763965638
-2.9816997489584267,2.782398756310007,18.259485195686025
-7.658659671447882,7.358365890400442,108.18211159502206
-7.140166358943283,-0.9052028873228188,135.27547711885026
5.230212634349446,0.31192057158500575,119.51231375984067
2.364361266325222,-0.22306839486159546,33.918144703820275
-7.977546477544195,3.337285150922087,125.9386438471456
-8.317863877700052,-7.206974904873742,323.1840940976806
4.019382629182399,-9.400528202546441,60.162929659554514
-8.544739872716129,-3.8414011681761817,252.1937460015373
6.437201185807126,4.093615254732935,245.24006481069662
4.1248445431299245,-5.962930957541033,47.14267651984663
-8.373024387162005,3.4686486664983462,139.8088000491395
-8.30324571829616,9.398240922145408,132.76528758821536
9.732791570023508,-8.121985684211632,223.3471598902902
-2.514584084877594,3.4520423645025247,18.30830093499631
-2.587157058662182,-1.1249956139085775,17.8560686218087
6.255991345150051,7.362845087550106,324.1160531902264
8.944971547677174,-6.457004211052282,198.56885855084977
9.720021276457416,3.852519044523291,440.3291415100738
5.0675637051788325,6.762305792962206,243.9309520599201
-2.4748082893816843,8.892284389480466,74.73616335525665
-8.329985666026625,3.664960565792917,136.8847349454742
5.542938318548735,-0.05650471983145344,126.09446147285495
1.1680849947161,2.356944804024277,35.065939577422775
-1.5155598150604739,7.378099689574363,60.519716879738326
8.12708770189472,1.4121949327765932,274.96904552052183
-7.776050353876974,-9.392258806063262,355.6277294357736
-0.14749791418281788,8.618973910139555,103.92884897895233
-9.772927104651618,3.790535020631223,196.316192971254
-0.626787160117475,3.5302677155449302,23.672790969969
-8.873934486363254,-5.6864969520456565,315.07042692118756
-7.623641674638561,3.177709404653143,114.421058356636
-7.649475064457903,-2.1227118869168304,174.90906435310512
2.984206042321272,3.024659540829841,84.91244583652743
4.920897585308467,-7.868139393840186,65.1167701131685
1.667375301943192,3.156906092060721,53.64156654949076
9.243450969490837,9.98827451541333,623.9241151711689
-2.5025884095259183,-9.03575922278888,113.0391438631352
-4.285758274362785,9.543483684426345,78.58078414163128
7.3719825637892065,-1.8618407855425883,177.32830672032125
-5.528083229610948,7.415069006745185,66.28491458229932
9.264450788812226,5.64770968116547,464.2980097065699
-9.756910506203674,1.340325219733355,223.46993626474566
9.39757653415278,4.768984185026531,445.61516726655566
-9.136801760988478,7.570311226026959,153.44311030846683
7.822862273961423,-1.917193566979341,197.63400186023424
0.5540221817259976,-3.459336768735226,8.446834607601783
9.859295922386007,3.3518677112716944,435.2983594713795
-8.524068705292024,6.15691883882517,133.77330606540713
1.0770856880264148,5.245702695532316,70.42041662869691
9.38605071238198,5.95627297717269,483.38186463931095
0.46195688340297636,-1.2883337037413405,6.554490279230187
2.5879727627052507,6.356684323500431,132.41201321484556
3.9149737796923425,-7.595818892587831,47.99007235718191
-0.9091787046445354,0.8897819592169913,6.777040422119708
2.551161601681269,-9.884826790037568,56.900823768988545
1.6862862384620048,-3.5082834019945945,13.91337720629972
8.023160209819778,-2.670769302572042,196.49378107024174
-9.091072393170842,-2.076546167814892,245.32589837012023
-4.380736208155394,3.9093441337972443,35.428261299269835
9.008229681531176,-2.2288379745930857,253.61119039041617
7.805275677818326,-1.026127547549386,210.74950193205697
-0.8868649442857404,-5.24911738251345,26.041661104628854
2.4026519560307342,-2.5349641674131984,22.97134664283162
-4.452376340377347,-5.454607454736971,106.16993400326399
-6.237576805524774,-8.536081524631127,246.27958066430887
-0.7260319012003578,2.0689718676275586,12.43448849342959
-2.9329554394789437,3.3642559711003255,19.81846608442139
1.6731222370174414,2.3898069201922905,44.641101322173554
-8.445307260700304,-0.7301191239885529,189.41798512065176
9.48789615332333,-2.404284396415404,277.4445299324699
9.724214889592059,7.266672991436504,555.2320748458809
3.9632342803949037,0.38163570272436154,78.25342560295303
0.7219273268824082,-0.41636244740537975,10.496277318364871
-3.8094476742734447,-9.487158683871286,165.3148093865285
6.275900394138972,-3.175043447476873,117.24353694623424
3.694623451077586,-2.396087624282859,47.271534566513715
-6.747661213102174,-2.0235443820619903,135.18697207454932
8.21854368987685,1.6034473845466461,284.4634900339082
6.450744858463381,0.6720509345375696,175.22831546270513
8.99599826583848,2.1581018558688925,344.7242160198094
4.5143901677672,5.297665230842565,182.50081485041707
2.268303918715798,6.259714774321871,120.1381720806674
-1.6351392741876225,4.362461524529888,24.697335751845195
8.654569667080267,9.110473919098695,543.0041959562274
7.321277790008168,-9.635348346472767,127.25748340785265
-9.095626597876212,-6.0844402863290785,339.1638231765642
-9.47266051005496,-9.848742500437158,482.86967851977687
-2.4707326624390085,2.9494942830920596,15.933072004977376
6.211066615636657,7.960610978999739,339.9283088692542
9.74552258629889,-5.1303540684740145,251.5867521341179
-6.991662177929436,8.540690895926133,97.8299317878877
1.8826143070427026,-8.794652194208783,44.893855964370246
-2.3821828673795693,8.688720536110285,72.27725506582594
9.398287956292066,-2.9675462552073117,263.09887286067783
6.842378462714173,-7.97158343101567,112.20853193499019
6.766574094222758,-0.28256481627348684,173.60060228403864
-0.6261368041005948,-4.864468645589842,20.206752841796433
-1.703609953246696,-4.302541960761543,27.45275891122914
-4.531858561385875,-3.8542007014742685,84.17957908966315
-8.872490066981458,6.060517956653268,146.16845066168534
7.294447525101063,0.7832255335050888,217.4886456606583
6.258020182601552,-3.7738460168799275,111.46531735970343
9.994353465722611,2.2066756662183664,412.23110860134364
9.93273674147811,4.323013484463871,470.17765701624523
1.108634112052549,-4.547519985329325,13.184685842510431
5.37974830361021,-1.7290179694929702,99.92290320240977
8.89531459764856,-7.562278133261049,188.8199683861256
6.992947813548231,-6.377013009306394,121.01571396891634
-5.053037965136047,3.622357079299656,45.71511456352883
-0.9891172937981292,-6.371233046087461,39.07217756038196
-7.4168116969701,0.5032676733412025,129.24102699845298
9.081020545174447,4.1809252344486545,405.75695257464196
2.123492689017601,-7.862461538105123,35.984284682192
-5.427143889930745,1.3462443925780718,59.46453603959902
3.434013688117135,-4.868744325972725,35.2071874862207
2.3625648091579166,9.258537504751597,192.80188050534016
-2.8367456393431905,-0.3290870656015059,17.9457589668422
-7.72884815600742,6.119850995503164,108.77437170622173
3.4314639118559924,1.0045308431252344,70.39885071161667
0.40615401807586693,-9.131749342903618,58.10145800712273
5.446367834712786,2.663027511880447,167.30905977854135
0.40327002223986774,9.02806684413314,125.37591915228008
7.043630006370801,2.0322364029266247,229.91165765334148
1.0381367754897113,6.383777188535802,88.58227826170122
1.2187594307077259,7.6841292669681565,118.3783612175261
7.533072053166901,-5.4384045610213505,146.23212760183014
-1.9303426757520583,-5.759103201835467,46.65100061174033
-7.319695430987185,2.219619777019835,110.22703625714341
-9.42434647373322,-1.7794306038659062,257.7012095382073
5.1027451134723805,6.797226057334406,246.5907329915303
2.406191027069294,8.000462467960222,162.91029002233475
4.081595361984471,-2.931572413945638,53.254653747047655
-5.740716769821786,-5.262588820510359,149.49304166622082
-7.272570488264605,5.610510304877236,96.01168554006486
-9.709106686642361,-4.503879289037278,335.48530434974924
-2.9882488238680605,6.452286370273569,41.274433181085186
1.7983537370926612,-1.5252349270247443,17.958810116232268
-2.155119098005354,3.3509979858294088,16.996601434979574
-1.2505015595254179,-8.089293723306636,66.83889525841589
8.083173889874967,2.4771864935314607,297.044040625302
-3.0348906595339926,-0.9646464252554168,23.3490269498229
0.2797897831962164,1.7321692635094816,17.8000005576924
5.673060254822861,-6.639715845102732,80.74780207872708
-2.069144353574597,4.737474898883642,26.549407539666475
2.4417340045574694,7.25594155086457,146.94553575163573
7.247274174934905,-5.665203998184487,133.78967085764097
8.990412473152844,-8.085708889596766,190.1684571459176
-7.058530381419241,-9.527228279073272,317.8587558906233
8.531752503229889,2.839430008865321,333.0624458188644
-0.15767413840923616,2.1418807217756157,16.624069506601337
-4.8351122340208335,0.9339482542814004,47.601984620712315
-0.8172848752347743,-5.361058077680491,26.33823216919742
9.600651505709543,-2.181880081889707,287.84080538993015
-0.14763812014260758,1.8895267037234618,15.008159377105148
-3.424967794249836,-0.06466282281661151,25.31950318716572
2.6680170863345154,9.755710404297744,218.19285175200338
-5.197087624436138,-7.271204948865337,168.67870627680256
-8.482733437826722,3.902891080951875,141.18349522199412
-7.4224055617870155,-1.9136246379141575,161.49276681434844
-7.439083220844552,-1.4360077014877053,154.9437180042805
-6.9619461297541125,4.351955313163526,88.99557518060375
-7.223456547011797,3.8487230264873933,98.17436165208943
2.817494896064293,9.825119874043764,226.27509730650385
-6.3623983120171035,-7.432114210917495,224.14046611407764
-3.086654333522736,-7.917807012316674,107.96634675681938
7.935768198120236,4.486776342574823,340.41161667247127
-0.5207671947425538,1.567738340128182,10.737924568181928
3.3511547704205427,-4.516786668803883,34.02458815884453
-6.553602575967403,-8.411612620220268,258.85422857516176
-6.1542196238265845,-8.286835008071389,235.66129409469926
-9.182627674670423,7.883817493282365,155.06652401701857
-6.621298738556709,-6.162653505625142,206.5181747422885
-4.4281932193608275,-3.5325687576895852,76.85284926136512
-6.459790314465064,-5.46687195546024,184.00348727586706
-8.225949324858888,-2.9000738833612534,216.29090874576784
-7.587282577987984,-8.611523145078133,320.7640383649452
-0.7844246393454846,0.3811958181654074,5.614701769623661
-5.87332563188415,-8.647748728155701,231.5436341822136
-2.714602779038491,6.007130156447232,37.02724960106232
0.06834541709713804,-5.3257583617913395,19.01418506322619
3.807896572587307,0.8002382920902118,78.67525728530799
-9.213757203178021,7.6015817512291655,156.12171252389362
5.988207978180853,3.017547380943883,198.81458120203746
2.5580077898181557,0.659155731026706,45.204454967566534
-8.364819361022562,-3.513324937692488,235.66664624798233
7.471572482135546,-3.339961738836042,163.05697523992777
8.417448010636264,3.3897391039638016,340.3729869477794
-8.778440802902725,9.88278722442335,148.09778453761675
-4.4624470370559255,3.236783796987572,35.72723370079637
6.124025595861227,1.155668347400498,169.08845592659594
4.965193807673167,4.613010204784922,186.71329085250073
-6.3095796128724535,-0.6958877543256374,102.06260148788957
-5.813013533265794,-8.797153147984297,232.58269601949092
-2.5905579441723603,1.245936317558197,13.015007474800358
-0.30954029617957346,9.152505690107603,111.29948293755153
2.365095430605919,-6.493941152846807,27.57837348430205
-2.621727208604552,3.800097816413315,20.42712180823961
-0.7493056773370412,-5.9813262268188705,31.733816758278657
4.94941876267513,0.7165536894616249,114.99349088677435
-9.266335942188043,-8.066471007065608,408.62506759493056
-4.951261113119585,-0.9925812748362972,63.62518616333466
4.266991717691049,5.123266577904921,168.29614581786694
7.9041367537439875,-3.0485695152203585,185.90226407465593
0.23354884231332207,3.2982344897443596,30.645031308891937
0.6422697053063136,5.908999215794584,71.68249139920634
-7.856559773204479,8.543556389589053,117.27089759353822
-1.0517526635309071,-5.307158362890929,28.46787836611061
0.6523453291004628,-2.0136816838138376,6.925027121523483
-5.150589927305407,-6.951679733391652,159.91409530204632
-4.615135381012381,9.849670043167503,83.47263552388864
-2.454316737907547,8.540019358485907,69.43159207198059
-9.598576044445473,0.7991426056111912,223.0999006010861
-3.5584166883364343,6.840665887528424,45.82773268216202
-5.7710398600691075,0.4191595454408432,74.65470437109545
-3.4500529564417075,2.471713760055195,21.92775488564758
-7.604757363614976,-8.217511357679667,310.33253571665733
7.810545614797899,5.1054084099361585,350.20006727451926
1.8718490710809732,-7.445730327295303,32.097844521709796
3.582046382889793,6.521352605050566,172.21507341746263
5.783424772146766,5.640561753407718,250.24228144716915
-0.031156021418855318,4.174893954859529,36.5414072138608
-8.261594238251526,-9.276792389504758,381.96453585991003
0.742130836370956,-3.937432881093428,10.209827052167416
1.736822360417582,-4.737748601783142,16.509528126147913
4.908789483686601,-2.7972718505696186,75.80306697199242
-1.3668090754064117,-8.24714506472323,71.58896773454077
-7.448393944088725,8.739156460621256,108.59871222818073
-4.324481884025511,1.0760448142475258,36.560355549452474
-2.738354072027298,-3.8895137868395295,40.56548668152185
2.9183448266320244,-2.0603696585143316,33.18020960098352
1.4155660933782386,-1.0559491899032878,15.046961943890498
-2.878065482043075,2.0118866672123463,15.96212016853891
9.730304975859593,0.31358855392995544,346.82975762531197
2.1154963871377426,8.387839464288348,162.01171426439208
-5.25546416528011,-0.060730341883395766,64.04221937103144
-7.964350547591925,9.843160296466252,127.09941351375993
-6.94281721631336,7.028499154901915,89.78417457601363
-5.080845432309838,-5.829789712853284,134.77834358480715
-6.786372534808887,8.611904292878325,94.34612076672744
-6.268659518973885,-7.672672042290478,225.59159630900874
-4.298096626123058,6.348994169823833,45.7099493285949
-6.5325280941049035,-2.3875341304683984,132.09011382886956
7.9353084925285025,7.559486408901389,435.38191246991437
-8.395325086767155,7.361133802149006,129.13929421079524
0.4902277914050934,6.118508002352424,71.96269833070637
-1.7920634602067693,5.800608726141228,37.93292691725191
9.647572338172129,-3.9064172180391843,262.63077619069986
-7.759221956638953,-8.381614338974956,323.9966942664637
-2.042888019085167,-1.9403964246967718,15.177708507602473
9.389408665507379,-6.529509700269827,218.8595264939043
7.310142517879605,3.899021778049235,287.7695094000939
6.3414414189856,-3.078005469244289,120.5509634261113
-4.841943459101204,9.512204017198297,80.0270613588721
-6.582248252198683,2.8194415469066403,83.35778178826251
3.3728643984886197,6.449611272687218,162.44661262252995
8.587519782551716,-7.349506545163031,176.91274808465323
1.135257860278596,7.2402896454524495,107.12457507715654
1.432253789397997,8.455143810267888,141.39003350616218
-4.4004181267943165,-0.2587616236212824,44.65693982308734
5.389858663838737,2.1250587550195483,154.89960622882703
-6.259125028849533,5.296196018059909,70.87348744329367
-3.526415271915127,-6.503227454791749,95.32318384142573
-1.491271227671664,0.05132152926884892,6.218843332341289
0.15220757368910043,-2.026739444553738,5.2410235606482125
-5.151805351698395,-7.072520156755018,162.5397436714442
-7.703263505215929,-2.649311554169371,186.392095433202
2.212400848832651,-8.636553812290128,43.21151913702322
-4.227388935194885,-9.48376186101026,181.14906031608803
1.6247644284522451,-7.296674216903545,30.68407903580777
-6.912745694515953,9.262302231783476,101.31570021868491
-0.3771979629036508,0.9905907179003393,8.746589617502519
0.6517886510317172,9.3164432230644,138.42357651132505
-8.963529263551461,-1.3500424333973609,225.19170124724124
-3.267914436121588,-3.7636773382948085,50.1712082101717
-7.311706461220515,0.12283725680488189,129.41192265261515
-8.732500590544646,-1.209766227341797,211.07000097102238
9.799204647798906,-7.886706314765122,228.0423776274435
-3.5529231005055406,2.816526293804124,23.47376875201651
6.197488917092699,-5.679236349808008,98.0360590145103
-4.907186904724723,2.391759097956591,44.127686457112105
3.630054444478585,3.0040218479630667,104.52789655997594
5.204557197793731,-6.959502937427038,69.39894297595771
1.9127748121568864,-8.773007457786637,44.62505860363231
-0.5684762289968326,5.615231721368797,47.119385464777736
-1.7631817170546285,-0.8039915246135969,8.580114828334825
-3.0226346691400945,-8.836724089890485,124.2936852461987
8.590582884956518,9.897326343395342,569.0439096973622
6.612388155754584,-8.844388780072666,105.95795547023823
9.300538213330253,3.900704577171064,412.47763812716
-7.514055530289106,9.67357850526827,116.03605836835875
4.617349504072886,-5.216397915681488,57.43624565829499
8.766809136420758,-7.1550126262560765,185.68078066237553
-6.3753386766867965,-7.572301211551422,228.23294791880267
-8.67007465266445,-3.9344970486480886,261.0617523298115
4.822412985801181,-7.979083779787066,63.650718102495915
1.489462263598238,3.843226833882639,58.851560499396896
6.836575535165441,-8.754164037398747,112.0750613235736
-7.20455246747421,0.1884425629957942,124.57951605651391
5.905346237197804,9.933937077059536,386.95766668885113
-5.967453599045109,6.2794053901203775,67.31926700860353
-6.72688114268591,2.3043887646202172,90.33905923012682
-6.714684041380141,-3.874927584267766,164.11563497348362
6.291494404627642,2.4779167258327703,201.95959746260132
3.303944413924002,0.5408292782330335,61.756592028821196
0.4613084953823865,-1.4783323221925713,6.331494030457774
-2.8233903175299506,-7.38579246519601,90.89614987811416
7.5440108162621655,7.732084304809334,415.09958753552434
-2.1510978515472923,-1.0043070235735492,12.442613531342015
6.331988789431541,-6.107549763584698,100.57583159170014
-1.217301828595632,-2.6448129824542077,10.858630207194292
-2.4611114115018484,-1.717404949421459,19.11636583237938
-0.7464042866078717,6.5507579113374845,57.725012020018106
-3.972442516717159,4.672287611228041,33.205032503653584
4.952187603525022,5.386097872826795,203.8477023476662
0.05440780184958349,-9.779374711427057,72.51481668514778
-5.355746097063654,-1.6769200364047698,82.01693486272625
7.991491465491368,-0.3731169672935266,231.60560810641022
-2.3221755725357713,-9.616154463538866,119.84938157631008
0.8710572222797719,-4.803735825099316,13.927520998147099
8.12944221929094,5.2057964624427004,373.26885277616793
2.484759918279842,-7.257805885420019,32.78041344255236
-7.662039185832718,0.706202629051834,136.60576313311344
8.796642472269504,-5.69596255965525,198.27137817274277
2.5541610614283563,-9.757584507122134,55.43483857917986
-3.3018877068582775,-5.17597084800917,68.6416594554239
-7.214558546732254,9.517475098201075,108.88276725242585
5.880503785405919,6.030742237659791,265.53317700235436
2.4014551185702704,9.191532886420667,192.5132185089918
0.6692218395264309,-0.24291912147275063,10.694801581632138
7.877851661019154,-7.8052760264499295,147.09979103452358
5.771944224490614,0.95918977947386,150.67613570146258
-6.9665024053449764,-0.9124533088007816,128.57238271969757
-3.765558644089035,6.88714165479232,46.93677604079046
-5.030217203710685,-8.038348384315109,179.12744559004707
4.878925851453539,-0.23517725956443591,99.8613333912097
-9.329351305284412,-6.999026706120315,380.0456833933664
1.39779369742633,-3.506481462198801,11.82374263096591
5.249173714813811,4.747141547755993,202.52126142260747
7.535312735234989,-0.47963741262466897,206.58208173198238
-3.158365025681851,-2.482234297084613,35.52837197123104
6.425146093440258,-2.110474428599294,133.97570340088612
-7.7873652608958555,-0.8110646318802672,160.8490918340811
6.929045834690363,5.700330876741138,314.2707302814033
-7.450226753360352,7.841693778804689,104.43895135459519
-2.0542541887926546,9.106693730078565,82.22563427410978
5.9459073155910716,5.738067725105902,261.16664011610175
-7.001651453024524,-3.6918620850397454,173.31363440780282
-5.414972095347171,3.762694121730842,52.5870899773314
4.445051367861325,-1.2479375188921615,75.21994457175222
4.400730730921488,-4.906587559078977,53.272644040117605
2.8229526577059456,6.817431588518453,150.44218988423478
3.8789688893420013,-9.2314730207535,57.442525150192914
0.8544888669519235,8.03523984270847,115.86574284173486
-4.964018821860945,-0.7704507075053169,62.035660278988885
-3.086080129921611,2.744029536165609,18.966467704171578
-6.368045663971486,3.187078444115654,75.94357062313898
8.169011226672566,7.902354814130728,463.30641583624526
1.6678358953224084,2.7333936433441473,48.47353500612731
-1.9829716647272022,2.2786716952012362,11.872948516211984
-0.7598839271173468,-8.666959188786201,67.21992109529535
8.945666792236306,0.3681604389040807,299.63010168486477
-6.932971937678396,-6.996619983659167,241.51101123289544
1.7245966403359443,4.7486753744297125,77.72072704583314
0.11777357768932006,0.24443841625348917,8.481121896966577
2.229084708692957,3.6045555841670662,72.9280866395035
-9.63779632358319,-9.166541987952314,470.6887677026564
7.442478178883029,-8.304159679083936,130.8233697512519
8.642365649672247,4.326467761253646,380.7628396177395
1.3026636717841793,-8.558313280026532,43.876695040001195
3.9330164775378442,-8.574865444694828,53.42448511266947
8.449987623545915,-9.757830495302251,164.49148128518502
4.144772686267972,9.130027965989601,265.6925609281528
-6.949219141714773,4.750167189180139,87.92352870806295
1.5257672033362635,-2.934971829958717,12.465709324052419
2.1343009276571188,-4.069288374246895,18.318296833601003
-1.5173865739522796,-3.005935405083009,15.460626670634571
4.728884712494457,5.4930706236236375,196.33670757506394
8.687340295380295,3.2274122214082883,353.0200284929227
8.511370258135528,-6.296088642650641,180.46290534077917
-0.9832125719173579,-6.517813293318313,40.7293002145455
-7.735239083184895,-8.032087005732054,312.5039629091826
9.696823979246691,3.206054394026763,419.64334396278883
6.777961728918683,5.287453244434719,294.20793725449073
-7.506746375934663,-4.6990714334999195,217.0535245221537
8.416837652347446,-9.581100779381744,163.38270668451102
7.3979272412425665,-8.356566650471454,129.2975807051629
0.3767611425214419,9.357200696900609,131.9893188116619
1.8255087148985858,-4.091104450451595,15.652118396435498
-2.019945922597395,5.384462956762672,32.533997190925035
-8.904767223559373,2.493271377085275,169.6530156143682
-3.296055167081981,-2.3612072069420815,37.168679441207885
6.057068971960227,-5.886254756088897,93.03192715004481
-9.907359539907944,-7.572271636811871,436.5954395701898
-3.3300165661771164,2.300259360777332,20.489115815547255
-2.0366261281811333,5.492675612755759,33.534866209170296
0.7479120587584571,2.878085070822614,33.64041558526292
8.397112328255211,0.6060426649831658,272.88348037517
-3.073080112680775,-9.160975531367274,132.7114331020664
-3.0609359620754457,9.369775551887678,78.34476174312144
4.750024962194967,5.974283833091491,208.80924972985838
-0.9556411822038573,-4.143559265980706,17.619461640052215
-5.507903541200361,9.599406587177015,85.67310206910042
-0.9512096773461316,2.037631792726442,11.34675970478996
-7.182859592404003,1.6484531641449287,109.84765989195054
-6.472260269875534,4.961463588590643,75.58590203059434
-0.03264454521040605,6.235395761802749,64.019218546958
-1.6214910099090414,3.1295721466300535,15.814036295710379
8.296918021362,-7.4380850726759995,164.58562622893373
-2.7521220176673378,-3.234649880110032,34.52522922760875
1.6117670055608695,8.561672806520995,149.43831681784894
2.6452857583906066,-5.507687763122961,25.89178422636828
-9.738110868233328,-2.556659523249733,291.46245263238075
3.270747440334212,-1.3584623411160806,44.33076211592011
-6.439280662604972,-1.2119002061109558,112.63713565804358
9.221406349389103,2.25879164989051,361.747022920388
-7.026745444937741,8.86151675489415,100.56751189573949
-1.7075175254595258,-5.1861457633499,36.25780082163431
-8.293006638427123,-7.569972473981639,332.0070739166288
9.937485036918947,-6.050590202801254,251.1508237456577
0.04390020662485128,7.7384980041853915,91.00457141358632
1.9077003464008762,2.916216253104121,55.835963073612646
-8.65847045223145,-4.281864215216798,268.25253754308545
4.999209407983557,6.3189387793723455,229.03753117872515
-5.801888138088285,7.227399927268721,69.02865488623623
7.961085788814273,6.9302867738055625,416.1070399379561
-5.897207190359857,8.37853067279109,78.36062758310266
-6.186245586726669,-4.955179596532768,161.87385730952627
-9.269006643038102,5.100838574925566,165.16007585098814
-0.5586610978000159,-0.7892100545172003,4.280025435087498
1.2968226652523285,6.839971057801229,103.57493664141342
-8.685827211432953,4.569813543232264,145.10906178308522
5.510552333900211,5.528948929994492,233.7425706643234
-0.9342233050394473,3.1232367536214305,18.235919981097496
0.4878053865516012,-6.451424610605862,26.125415540747476
-1.1847450612354375,0.9005383779387657,6.665904986713125
-1.98473878249348,9.693394790490164,93.45824397809386
1.1928066261643586,8.747761329942378,140.86778370546818
-6.89519508138575,-9.136525284059767,297.21793703746494
-6.3614373900945775,-6.7037036854112575,206.7153846523497
7.235712420270346,-7.365424530908761,125.81018219798085
8.922309242672654,4.519598199705911,405.070420945717
-2.533813674404941,6.3557065971389015,40.84534040543887
-4.585106537128924,-5.729772673786561,115.32828634241697
2.8799908647803143,0.11705385903658083,47.32208774000613
-1.8253165780380716,6.814060560224,49.866726530399184
-9.492272886793103,4.656030895325012,177.1024539667437
-6.876948052676193,0.8447441098369666,106.1218055125488
4.3194445769479515,1.8069538091754573,108.86604440441178
3.178478838203027,0.1672109383255993,54.79312253656903
-9.45808014993033,-4.049030973623589,308.91511747852394
-5.560556761341012,1.3004398571803222,63.08671479414203
-5.378504068238572,3.7777060410018137,51.85976412993541
3.4378548719745687,7.466458317216155,189.13038768099867
-9.605789244912717,2.7258270795849615,199.02478844589433
-7.917828360308523,5.22243074086316,115.72733063457048
5.998321707463788,-6.79856730090854,89.19602625688361
-6.429106758913328,-0.768850511604203,107.025330973827
3.0549221570374936,-9.813367603458135,57.17619159817418
-5.23634437906547,-5.06642270956754,126.60462457093064
-8.011172144813097,4.529234302260097,121.013491589776
-5.136556180010919,9.83619902698727,85.68087785085991
4.445338637113183,-8.016438008255681,57.4522010765958
7.113929362125717,-1.970113682774235,164.33412744407687
6.604397291339833,6.00141937398319,304.16898554209826
-2.056329407630903,-5.919287307422023,51.02793429038636
3.3617027314129224,1.1016989860457258,69.63765601539282
-5.900314091683581,4.661425920593496,62.64496396486919
-4.137045394779735,2.319709005203581,30.806900791526186
7.926716370422394,-6.239505307691678,156.42741193348257
-9.73996152978528,-2.892308626285212,298.93121697156164
-8.28982938291064,5.675835689707945,126.85386557821127
-5.842274897079454,1.0845302826403334,71.94270212483768
-9.469355922523606,-9.895407729141745,484.29847165968204
-6.371291298204054,5.219815200561877,73.31559192724804
1.6608312193938435,-9.293772901195219,51.20135678979084
-1.5715089881500415,4.914675654624643,30.00252638262336
7.853434221539498,-5.950388796695252,155.39044475072774
6.3488712347688185,9.161469602387605,387.415769777119
-3.1636529660424806,-2.6411849739583104,36.971723936684064
-4.81153133137415,-3.461367673238418,87.3007657695238
-2.4061518366546615,-7.022238993351106,74.37621080208342
1.8058988502961544,-3.887915690195703,15.223082617520907
-4.638727183542475,7.533015236564012,57.817892892514664
2.4829781569826803,9.926686752544946,215.52509526541573
-1.811766956175191,-2.6338093898630337,16.36788510496615
1.0409436170396056,-1.0277873809091496,11.288656256730693
-1.2774694172936663,4.441418764054742,27.211340898806966
-4.110684809161647,7.723915609301489,56.46921879772009
8.969066139243132,1.8608866837356821,335.60416371560495
5.272115883195216,-2.1694860364434128,92.06884504427951
-7.1977364846709495,-1.7475631830275251,149.40183517801574
7.369359517958255,3.912362929936137,291.47606718076776
-0.25137603500972716,-9.935634727914426,79.83778374709505
7.891044537881829,2.3917867491968146,283.9043700131923
5.997105118946305,-2.890139791172852,109.89887938458332
-1.4957299106153314,5.883946625541686,40.904052191726144
-9.550613833597652,-8.140187203537357,430.2192597539104
-4.626452812301078,1.7640453389678097,40.1613797476893
0.8326842932173388,-0.38054220227752467,11.612953593995265
2.6695643965229454,2.846510518104548,73.56758413507691
-4.842246291335954,-8.702928110340633,187.04643207604664
-7.212878518543517,1.5996757485626247,111.29391303642453
6.698604735985981,1.2296917591904748,196.78259509087624
9.688043614071042,1.2132018883234181,365.6333553750863
0.5138036460537165,2.069753331929096,22.981033257935742
-6.5664142830339305,3.5293587445272436,80.21530423525023
-4.553853469612621,6.099779993615396,46.39512429580421
-9.632186469050666,-4.603585597435713,333.2435495405188
8.285976131209981,6.500988203601242,423.9019603997958
-7.644978342197177,-0.034886354730927494,144.54215869327174
1.5303295102850711,-8.458834417313376,41.963141366299226
-4.51889558625588,-8.828981415120417,176.92523290619533
1.0835600503158673,-3.3152336260787845,9.800671087382478
3.028407767037285,5.697939542229351,133.72750203072306
6.594836074144034,4.153618694818315,254.94804206526754
-5.871574564787936,5.772299293448128,63.91965637563357
-9.780083426830391,0.3453811288321873,239.44939737572213
-7.2622873986238545,-1.1960200408901898,144.12510414597045
8.0003728369621,-7.0509494658743215,154.7623515855572
7.477801551250305,-3.4361449278137695,162.25059331434161
1.9482620434061655,-1.3196126765224943,20.76912219350092
2.010337208673068,-8.227991406407655,39.10984693189976
3.3007334909251096,-5.587760945775775,33.76056235276826
-6.492574427531008,1.9645058812747767,85.2410956598235
8.288238918499196,4.713262284783797,369.009823726066
-1.6245895021585373,9.966950227858995,103.65146775154122
-2.337229435010051,8.662266626871155,72.23203104774421
0.37835410565675076,2.85130399070383,28.16267757831733
-9.0606806644989,-1.5750389341185596,234.28187946361385
-6.674332624878412,2.7235472941646535,86.50111546251765
4.760672328527409,5.71303236160464,202.9689507027582
-8.344026641497472,-7.633276181532254,336.89980493474866
2.0630421893277635,-1.8019022060742351,20.48998456916235
-5.093017806373581,6.7960457127123455,56.70101290811445
-2.214087719160469,-2.3233409613391203,19.352166407074954
-4.226125264586003,1.4374454245437303,33.67871470490359
-2.8865456707010173,1.755387217243964,15.777244563139732
4.380918103684909,-6.310474937327212,52.081242143086975
-4.057565687536499,-2.7552911669542324,57.78899519858324
1.3280928059379438,-3.309774225161357,11.16586360386921
-0.4789919560180067,-9.476065829358705,75.73888482988323
3.273423307252962,-9.516164722172896,55.2210430402365
8.73659478649516,6.633940873515471,459.49433995550953
4.651441944205006,-4.538583800543751,59.92601960060372
-5.701192428184864,0.36157532477630916,73.09746485080264
-9.376337298774306,-4.025488528224539,303.4821856994406
-4.754719114003498,8.813584902306811,71.35625833050243
1.901558614005097,-4.814064822684525,17.7801413425621
-8.971483730314993,-1.4068637452212975,226.6071270823449
-0.07267505597527268,7.454605009692038,83.50389291830257
1.9368569783377847,6.838671335836175,121.71302600113785
-3.315122183660783,-6.277971643074453,85.5979935062181
5.418244074916439,6.052866195914209,242.55092751861542
-7.868034937324564,-0.8362622652421479,164.72777585818133
-8.497244365283825,-0.3406225582928961,186.00612586424907
4.563775124072066,-7.330400551681125,57.13797698820796
-0.09017367587603076,-8.387969724857507,53.280400553090956
3.7680479285547204,4.558786139475304,137.249134041476
-1.3034532279250755,-0.0707769528940041,5.5568922263432485
-5.071959335217864,-1.262985947696409,69.43232021454651
6.382046353483993,4.590164573047934,254.53116941890707
5.988317579379585,5.310257979822195,252.25006636636945
3.893929417088536,-6.821836646612929,44.90215050084004
-4.5570972554007465,2.204502989552825,37.8969932617173
1.804613337381742,-7.292918354446289,30.779062178817856
-2.7805220611994645,5.027501720580913,28.691418311053226
-8.168358533467316,3.139103125342791,134.31308893137822
8.346271509244858,9.13229242166916,520.948928110345
-7.263627381620772,-8.620839672871575,302.6562031565963
9.004747076416049,-8.858905576974914,187.63922821456154
-1.0798845408408848,-4.3562585061359975,20.415754247676947
